,0
0,"Bonn, Deutschland"
1,"Fort Worth, TX"
2,
3,"Groningen, Nederland"
4,London
5,Brussels
6,"Berlin, Germany"
7,Berlin
8,"London, England"
9,Atlanta
10,Tbilisi
11,"Geneva, Switzerland"
12,Vienna
13,"New York, USA"
14,"Berlin, Deutschland"
15,"Bonn, Germany"
16,"Washington, DC"
17,"Bayern, Deutschland"
18,Sun warm.Eg
19,"Toronto, Ontario"
20,Israel
21,Munich
22,Working from home!
23,"Kassel, Hessen"
24,"Washington, DC. From Spain."
25,"Khulna, Bangladesh"
26,Mittelsachsen +Silicon Valley
27,"Cambridge, MA"
28,"London, UK"
29,"Maseru, Lesotho "
30,DC | Berlin | Bogota
31,"pago pago, american samoa"
32,Canada
33,\\hello\
34,"San Francisco, CA"
35,"Hannover, Deutschland"
36,"Pforzheim, Deutschland"
37,"Köln, Nordrhein-Westfalen"
38,Wiesbaden.Berlin.Roma.Padova. 
39,"Oxford, England"
40,the Netherlands
41,München
42,"Ottawa, Ontario"
43,Berlin 
44,"Ankara, Türkiye"
45,Australian Capital Territory
46,University of British Columbia
47,"Lübeck, Deutschland"
48,berlin 
49,Canberra
50,"Hamburg, Germany"
51,Heidelberg
52,USA
53,"Saarbrücken, Deutschland"
54,Belgium
55,Istanbul
56,in the clouds & on the ground
57,Deutschland
58,Berlin | Hannover
59,"Bern, Schweiz"
60,"Frankfurt am Main, Germany"
61,"Train between Amsterdam, Oxford, Bayern and Berlin."
62,"Charleston, SC"
63,Germany
64,"The Hague, The Netherlands"
65,berlin
66,"Berlín, Alemania"
67,Internet
68,"Brussels, Belgium"
69,"London, United Kingdom"
70,"Durham, NC"
71,"Für NRW, Hessen, RLP, Saarland"
72,"Ile-de-France, France"
73,"Hamburg, Deutschland"
74,Yerevan
75,Dublin/Brussels/Athens
76,Bochum
77,Geraffel Village
78,Berlin und Rheinland
79,The Internet 
80,Ottawa
81,United States
82,"Modena, Emilia Romagna"
83,Amsterdam
84,a bit all over the place
85,"Boppard, Deutschland"
86,"İstanbul, Türkiye"
87,"North Rhine-Westphalia + Lower Saxony, Germany"
88,"New York, NY"
89,Berlin / Madrid
90,"Potsdam, Deutschland"
91,"Warsaw, Poland"
92,Delhi
93,"Amsterdam, The Netherlands"
94,Oslo
95,"åŒ—äº¬, ä¸­åäººæ°‘å…±å’Œå›½"
96,Paris
97,Global
98,Cheshire England
99,"Cologne, Germany"
100,"Los Angeles, CA"
101,Zurich/Paris/London
102,"Den Haag, Niederlande"
103,Bonn/Berlin
104,Antarctica
105,Düsseldorf
106,stl / nyc 
107,los angeles california
108,Pale Blue Dot ğŸŒ 
109,Berlin/London
110,0x581623a87a07ada8
111,"Ramat Gan, Israel"
112,Europe
113,"Paris, France"
114,United States Minor Outlying Islands
115,"Cambridge, MA, USA"
116,Africa
117,Republic of Public Repo Rebase
118,North Carolina
119,"Saarbrücken, Germany"
120,"Krakow, Poland"
121,"Islamabad, Pakistan"
122,"Seoul, Republic of Korea"
123,"Calgary, Alberta"
124,Sheffield
125,Born @ 333.13ppm ğŸŒ
126,Washington DC 
127,Berlin / Leipzig
128,Berlin through Beijing
129,"New Delhi, India"
130,Nordrhein-Westfalen
131,"Rhône-Alpes, France"
132,"Tuscaloosa, AL"
133,"Norderney, Germany"
134,"Bordeaux, France"
135,San Francisco
136,"Tübingen, Germany"
137,"Seattle, WA"
138,🇮🇪
139,Cambridge & SF
140,Budapest/Vienna
141,india
142,"UK, Europe & USA"
143,Rome 
144,Northern Virginia
145,"Berlin / Bielefeld, Germany"
146,United Kingdom
147,"Waterloo, Ontario"
148,India
149,🇮🇪 in Brussels
150,"California, USA"
151,"Bengaluru, India"
152,Transdanubia
153,NYC + Berlin + Atlanta
154,"Kiel, Germany"
155,He/him
156,"Gurugram, Haryana"
157,"Tunis, Tunisia"
158,Worldwide
159,"Frankfurt on the Main, Germany"
160,"Zurich, Switzerland"
161,Gallifrey
162,"Frankfurt am Main, Deutschland"
163,Vernich
164,Northeast
165,CBR OXF DIJ ADL
166,Estonia
167,"#YCWBeijing, #YCWShanghai, #YCWHongKong, #YCWLondon, #YCWNewYork, #YCWSanFrancisco, #YCWWashingtonDC, #YCWBerlin, #YCWBrussels, #YCWSingapore"
168,"München, Bayern"
169,"Brussel, België"
170,Gambia
171,Los Angeles | CA Lic. #0F22799
172,Saarbrücken
173,Berlin / Germany / EU
174,"Europe, smw btw London&Marburg"
175,Worldwide Omnichannel 
176,"Monterey, CA"
177,🇺🇳 Planet Earth
178,München & Berlin
179,"Washington, D.C."
180,Berlin & Brussels
181,world wide free open web
182,"Wien, Österreich"
183,"Düsseldorf, Deutschland"
184,Hong Kong
185,Planet Earth
186,"Friedrichshafen, Bodensee"
187,Berlin/Dresden
188,"Spreekariat, Deutschland"
189,Taunus/ Allgäu/ München
190,Toronto
191,"London, Hong Kong, Shanghai"
192,South Africa
193,At the crib dog
194,"Neukölln, Berlin"
195,"Winnipeg, Manitoba"
196,"Sydney (Oxford, London)"
197,Berlin Wedding
198,"Gatineau, Québec"
199,somewhere - usually Berlin
200,"Munich, Germany"
201,"cyberspace, home of the mind"
202,Bonn
203,"washington, d.c."
204,Inside your device ğŸ•µï¸
205,Image Credits: digital kompakt
206,"Ann Arbor, MI"
